{"map": "795-2", "config-start": [267.99250099182126, 77.68999576568604], "config-end": [28.52250099182129, 77.68999576568604], "hyperparams": [{"alpha": 5e-05, "beta": 0.5, "gamma": 0.0001}, {"alpha": 5e-05, "beta": 0.5, "gamma": 0.001}, {"alpha": 5e-05, "beta": 0.5, "gamma": 0.01}, {"alpha": 5e-05, "beta": 0.5, "gamma": 0.1}], "ctrl-loop-freq": 100, "simsteps": 2000, "drange": [-1.4155, 1.4155]}